ARMCHA0002,Living Room,,,,,,,Living Room Furniture,Armchairs,Hoxton Manhattan,,85,92,90,H85 W92 D90,Vinyl,Black,Hoxton Armchair,"The Hoxton is a versatile armchair that would suit most interiors and decor | A compact chair with low wide feet | Faux Leather fabric | Solid wood frame consisting of base rails, springs and other load bearing rails | Fire resistant foam (CMHR) | Stain resistant vinyl covering | 80% PVC 20% Cotton | Stitched seams | Rub test 80,000 | We recommend to clean this article with a sponge dampened with water and vacuum with a soft brush | Removable foam filled seat cushions and removable rebound  fibre filled  back cushion | Compliant with BS5852 Part 1 Cigarette and Match and BS5852 FR3 CRIB Ignition Source 5 | Complies with EN 12520:2015 Strength, durability and safety of seating | Made in the UK",Manhattan-Leather-1-Seater-Black,,,Stock,Bentincks ,Essential, £105.00 ,75, £183.75 ,,Assembled,DFF0159BLSDID,£148.20,1 Year Warranty
ARMCHA0003,Living Room,,,,,,,Living Room Furniture,Armchairs,Hoxton Manhattan,,85,92,90,H85 W92 D90,Vinyl,Brown,Hoxton Armchair,"The Hoxton is a versatile armchair that would suit most interiors and decor | A compact chair with low wide feet | Faux Leather fabric | Solid wood frame consisting of base rails, springs and other load bearing rails | Fire resistant foam (CMHR) | Stain resistant vinyl covering | 80% PVC 20% Cotton | Stitched seams | Rub test 80,000 | We recommend to clean this article with a sponge dampened with water and vacuum with a soft brush | Removable foam filled seat cushions and removable rebound  fibre filled  back cushion | Compliant with BS5852 Part 1 Cigarette and Match and BS5852 FR3 CRIB Ignition Source 5 | Complies with EN 12520:2015 Strength, durability and safety of seating | Made in the UK",Manhattan-Leather-1-Seater-Brown,,,Stock,Bentincks ,Essential, £105.00 ,75, £183.75 ,,Assembled,DFF0159BRSDID,£148.20,1 Year Warranty
ARMCHA0004,Living Room,,,,,,,Living Room Furniture,Armchairs,Hoxton Manhattan,,85,92,90,H85 W92 D90,Vinyl,Cream,Hoxton Armchair,"The Hoxton is a versatile armchair that would suit most interiors and decor | A compact chair with low wide feet | Faux Leather fabric | Solid wood frame consisting of base rails, springs and other load bearing rails | Fire resistant foam (CMHR) | Stain resistant vinyl covering | 80% PVC 20% Cotton | Stitched seams | Rub test 80,000 | We recommend to clean this article with a sponge dampened with water and vacuum with a soft brush | Removable foam filled seat cushions and removable rebound  fibre filled  back cushion | Compliant with BS5852 Part 1 Cigarette and Match and BS5852 FR3 CRIB Ignition Source 5 | Complies with EN 12520:2015 Strength, durability and safety of seating | Made in the UK",Alan,,,Special,Bentincks ,Essential, £105.00 ,75, £183.75 ,10-15 days,Assembled,DFF0140CRSDID,£148.20,1 Year Warranty
ARMCHA0006,Living Room,,,,,,,Living Room Furniture,Armchairs,Hoxton Manhattan,,85,92,90,H85 W92 D90,Fabric,Beige,Hoxton Armchair,"Upholstered armchair (part of suite) | Removable foam filled seat cushion and removable rebound fibre filled back cushion | Fire resistant foam (CMHR) | 100% Polyester | Solid wood frame FSC certified| Vacuum with a soft brush attachment | Compliant with BS5852 Part 1 Cigarette and Match and BS5852 FR3 CRIB Ignition Source 5 | Complies with EN 12520:2015 for strength, durability and safety of seating | Made in the UK",Alan,,,Special,Bentincks ,Essential, £105.00 ,75, £183.75 ,10-15 days,Assembled,DFF0141BGSDID,£148.20,1 Year Warranty
ARMCHA0007,Living Room,,,,,,,Living Room Furniture,Armchairs,Hoxton Manhattan,,85,92,90,H85 W92 D90,Fabric,Brown,Hoxton Armchair,"Upholstered armchair (part of suite) | Removable foam filled seat cushion and removable rebound fibre filled back cushion | Fire resistant foam (CMHR) | 100% Polyester | Solid wood frame FSC certified| Vacuum with a soft brush attachment | Compliant with BS5852 Part 1 Cigarette and Match and BS5852 FR3 CRIB Ignition Source 5 | Complies with EN 12520:2015 for strength, durability and safety of seating | Made in the UK",Alan,,,Special,Bentincks ,Essential, £105.00 ,75, £183.75 ,10-15 days,Assembled,DFF0141BRSDID,£148.20,1 Year Warranty
ARMCHA0008,Living Room,,,,,,,Living Room Furniture,Armchairs,Hoxton Manhattan,,85,92,90,H85 W92 D90,Fabric,Grey,Hoxton Armchair,"Upholstered armchair (part of suite) | Removable foam filled seat cushion and removable rebound fibre filled back cushion | Fire resistant foam (CMHR) | 100% Polyester | Solid wood frame FSC certified| Vacuum with a soft brush attachment | Compliant with BS5852 Part 1 Cigarette and Match and BS5852 FR3 CRIB Ignition Source 5 | Complies with EN 12520:2015 for strength, durability and safety of seating | Made in the UK",no stock - fabric swatch - Alan,,,Special,Bentincks ,Essential, £105.00 ,75, £183.75 ,10-15 days,Assembled,DFF0141GRSDID,£148.20,1 Year Warranty
ARMCHA0019,Living Room,,,,,,,Living Room Furniture,Armchairs,Barcelona York,,93,113,98,H93 W113 D98,Vinyl,Black,Barcelona Armchair,"Faux leather armchair | Solid wood frame FSC Certified | 80% PVC 20% Cotton | Fire resistant foam (CMHR) | Stain resistant vinyl covering | Stitched seams | Foam filled fixed seat cushion and removable rebound fibre filled back cushion | We recommend to clean with a damp sponge and vacuum with a soft brush | Complies to EN 12520:2015 for strength, durability and safety of seating",cara_1seater1,cara_1seater2,,Special,Bentincks ,Essential, £75.00 ,75, £131.25 ,10-15 days,Assembled,DFF0302BLSDID,£134.20,1 Year Warranty
ARMCHA0020,Living Room,,,,,,,Living Room Furniture,Armchairs,Barcelona York,,93,113,98,H93 W113 D98,Vinyl,Brown,Barcelona Armchair,"Faux leather armchair | Solid wood frame FSC Certified | 80% PVC 20% Cotton | Fire resistant foam (CMHR) | Stain resistant vinyl covering | Stitched seams | Foam filled fixed seat cushion and removable rebound fibre filled back cushion | We recommend to clean with a damp sponge and vacuum with a soft brush | Complies to EN 12520:2015 for strength, durability and safety of seating",cara_1seater1br,cara_1seater2br,,Special,Bentincks ,Essential, £75.00 ,75, £131.25 ,10-15 days,Assembled,DFF0302BRSDID,£134.20,1 Year Warranty
ARMCHA0025,Living Room,,,,,,,Living Room Furniture,Armchairs,Hoxton Manhattan,,85,92,90,H85 W92 D90,Fabric,Aubergine,Hoxton Armchair,"Upholstered armchair (part of suite) | Removable foam filled seat cushion and removable rebound fibre filled back cushion | Fire resistant foam (CMHR) | 100% Polyester | Solid wood frame FSC certified| Vacuum with a soft brush attachment | Compliant with BS5852 Part 1 Cigarette and Match and BS5852 FR3 CRIB Ignition Source 5 | Complies with EN 12520:2015 for strength, durability and safety of seating | Made in the UK",no stock - fabric swatch - Alan,,,Special,Bentincks ,Essential, £105.00 ,75, £183.75 ,10-15 days,Assembled,ARMCHA0025,£148.20,1 Year Warranty
ARMCHA0026,Living Room,,,,,,,Living Room Furniture,Armchairs,Hoxton Manhattan,,85,92,90,H85 W92 D90,Fabric,Teal,Hoxton Armchair,"Upholstered armchair (part of suite) | Removable foam filled seat cushion and removable rebound fibre filled back cushion | Fire resistant foam (CMHR) | 100% Polyester | Solid wood frame FSC certified| Vacuum with a soft brush attachment | Compliant with BS5852 Part 1 Cigarette and Match and BS5852 FR3 CRIB Ignition Source 5 | Complies with EN 12520:2015 for strength, durability and safety of seating | Made in the UK",Alan,,,Special,Bentincks ,Essential, £105.00 ,75, £183.75 ,10-15 days,Assembled,ARMCHA0026,£148.20,1 Year Warranty
BEDSOF0001,Living Room,Bedroom,,,,,,Living Room Furniture,Sofa Bed,Hoxton Manhattan,,85,166,90,H85 W166 D90,Vinyl,Black,Hoxton Sofa Bed,The Hoxton Sofa bed is a three fold action with a 10cm thick mattress | Four additional slats provide support to the polyprop deck at the shoulder and hip area | Slats are mounted by means of 4 springs per slat resulting in a softer suspension | Faux Leather fabric | 80% PVC 20% Cotton  | Removable foam filled seat cushion and rebound fibre filled back cushions |  Fire resistant foam (CMHR) | We recommend to clean this article with a sponge dampened with water | Compliant with BS5852 Part 1 Cigarette and Match and BS5852 FR3 CRIB Ignition Source 5 | Complies with BS7177:2008+A1:2011 | Low hazard fire category | BS EN 1129-1:1995 Foldaway beds | Mechanism conforms to BS EN 13759:2012  | Made in the UK,Alan,,,Stock,Bentincks ,Essential, £285.00 ,75, £498.75 ,,Assembled,DFF0152BLSDID,£389.40,1 Year Warranty
BEDSOF0003,Living Room,Bedroom,,,,,,Living Room Furniture,Sofa Bed,Hoxton Manhattan,,85,166,90,H85 W166 D90,Vinyl,Brown,Hoxton Sofa Bed,The Hoxton Sofa bed is a three fold action with a 10cm thick mattress | Four additional slats provide support to the polyprop deck at the shoulder and hip area | Slats are mounted by means of 4 springs per slat resulting in a softer suspension | Faux Leather fabric | 80% PVC 20% Cotton  | Removable foam filled seat cushion and rebound fibre filled back cushions |  Fire resistant foam (CMHR) | We recommend to clean this article with a sponge dampened with water | Compliant with BS5852 Part 1 Cigarette and Match and BS5852 FR3 CRIB Ignition Source 5 | Complies with BS7177:2008+A1:2011 | Low hazard fire category | BS EN 1129-1:1995 Foldaway beds | Mechanism conforms to BS EN 13759:2012  | Made in the UK,Alan,,,Stock,Bentincks ,Essential, £285.00 ,75, £498.75 ,,Assembled,DFF0152BRSDID,£389.40,1 Year Warranty
SOFA2M0001,Living Room,,,,,,,Living Room Furniture,Sofas 2 Seater,Hoxton Manhattan,,85,142,90,H85 W142 D90,Fabric,Beige,Hoxton Sofa,"Two seater upholstered sofa | Fixed cover with removable foam filled seat cushions and removable rebound fibre filled back cushions | Fire resistant foam (CMHR) | 100% Polyester | Solid beech wood or hardwood frame consisting of base rails springs and other load bearing rails | Vacuum with a soft brush | Compliant with BS5852 Part 1 Cigarette and Match and BS5852 FR3 CRIB Ignition Source 5 | Complies with EN 12520:2015 for strength, durability and safety of seating",no stock - fabric swatch - Alan,,,Special,Bentincks ,Essential, £145.00 ,75, £253.75 ,10-15 days,Assembled,DFF0137BGSDID,£201.80,1 Year Warranty
SOFA2M0002,Living Room,,,,,,,Living Room Furniture,Sofas 2 Seater,Hoxton Manhattan,,85,142,90,H85 W142 D90,Vinyl,Black,Hoxton Sofa,"The Hoxton is a versatile sofa that would suit most interiors and decor | A compact sofa with low wide feet | Faux Leather fabric | Solid wood frame consisting of base rails, springs and other load bearing rails | Fire resistant foam (CMHR) | Stain resistant vinyl covering | 80% PVC 20% Cotton | Stitched seams | Rub test 80,000 | We recommend to clean this article with a sponge dampened with water and vacuum with a soft brush | Removable foam filled seat cushions and removable rebound fibre filled back cushions | Compliant with BS5852 Part 1 Cigarette and Match and BS5852 FR3 CRIB Ignition Source 5 | Complies with EN 12520:2015 Strength, durability and safety of seating | Made in the UK",Manhattan-Leather-2-Seater-Black,,,Stock,Bentincks ,Essential, £145.00 ,75, £253.75 ,,Assembled,DFF0136BLSDID,£201.80,1 Year Warranty
SOFA2M0003,Living Room,,,,,,,Living Room Furniture,Sofas 2 Seater,Hoxton Manhattan,,85,142,90,H85 W142 D90,Fabric,Brown,Hoxton Sofa,"Two seater upholstered sofa | Fixed cover with removable foam filled seat cushions and removable rebound fibre filled back cushions | Fire resistant foam (CMHR) | 100% Polyester | Solid beech wood or hardwood frame consisting of base rails springs and other load bearing rails | Vacuum with a soft brush | Compliant with BS5852 Part 1 Cigarette and Match and BS5852 FR3 CRIB Ignition Source 5 | Complies with EN 12520:2015 for strength, durability and safety of seating",Alan,,,Special,Bentincks ,Essential, £145.00 ,75, £253.75 ,10-15 days,Assembled,DFF0137BRSDID,£201.80,1 Year Warranty
SOFAM0004,Living Room,,,,,,,Living Room Furniture,Sofas 2 Seater,Hoxton Manhattan,,85,142,90,H85 W142 D90,Vinyl,Brown,Hoxton Sofa,"The Hoxton is a versatile sofa that would suit most interiors and decor | A compact sofa with low wide feet | Faux Leather fabric | Solid wood frame consisting of base rails, springs and other load bearing rails | Fire resistant foam (CMHR) | Stain resistant vinyl covering | 80% PVC 20% Cotton | Stitched seams | Rub test 80,000 | We recommend to clean this article with a sponge dampened with water and vacuum with a soft brush | Removable foam filled seat cushions and removable rebound fibre filled back cushions | Compliant with BS5852 Part 1 Cigarette and Match and BS5852 FR3 CRIB Ignition Source 5 | Complies with EN 12520:2015 Strength, durability and safety of seating | Made in the UK",Manhattan-Leather-2-Seater-Brown,,,Stock,Bentincks ,Essential, £145.00 ,75, £253.75 ,,Assembled,DFF0136BRSDID,£201.80,1 Year Warranty
SOFAM0005,Living Room,,,,,,,Living Room Furniture,Sofas 2 Seater,Hoxton Manhattan,,85,142,90,H85 W142 D90,Vinyl,Cream,Hoxton Sofa,"The Hoxton is a versatile sofa that would suit most interiors and decor | A compact sofa with low wide feet | Faux Leather fabric | Solid wood frame consisting of base rails, springs and other load bearing rails | Fire resistant foam (CMHR) | Stain resistant vinyl covering | 80% PVC 20% Cotton | Stitched seams | Rub test 80,000 | We recommend to clean this article with a sponge dampened with water and vacuum with a soft brush | Removable foam filled seat cushions and removable rebound fibre filled back cushions | Compliant with BS5852 Part 1 Cigarette and Match and BS5852 FR3 CRIB Ignition Source 5 | Complies with EN 12520:2015 Strength, durability and safety of seating | Made in the UK",Alan,,,Special,Bentincks ,Essential, £145.00 ,75, £253.75 ,10-15 days,Assembled,DFF0136CRSDID,£201.80,1 Year Warranty
SOFA2M0006,Living Room,,,,,,,Living Room Furniture,Sofas 2 Seater,Hoxton Manhattan,,85,142,90,H85 W142 D90,Fabric,Aubergine,Hoxton Sofa,"Two seater upholstered sofa | Fixed cover with removable foam filled seat cushions and removable rebound fibre filled back cushions | Fire resistant foam (CMHR) | 100% Polyester | Solid beech wood or hardwood frame consisting of base rails springs and other load bearing rails | Vacuum with a soft brush | Compliant with BS5852 Part 1 Cigarette and Match and BS5852 FR3 CRIB Ignition Source 5 | Complies with EN 12520:2015 for strength, durability and safety of seating",Alan,,,Special,Bentincks ,Essential, £145.00 ,75, £253.75 ,10-15 days,Assembled,SOFA2M0006,£201.80,1 Year Warranty
SOFA2M0008,Living Room,,,,,,,Living Room Furniture,Sofas 2 Seater,Hoxton Manhattan,,85,142,90,H85 W142 D90,Fabric,Teal,Hoxton Sofa,"Two seater upholstered sofa | Fixed cover with removable foam filled seat cushions and removable rebound fibre filled back cushions | Fire resistant foam (CMHR) | 100% Polyester | Solid beech wood or hardwood frame consisting of base rails springs and other load bearing rails | Vacuum with a soft brush | Compliant with BS5852 Part 1 Cigarette and Match and BS5852 FR3 CRIB Ignition Source 5 | Complies with EN 12520:2015 for strength, durability and safety of seating",no stock - fabric swatch - Alan,,,Special,Bentincks ,Essential, £145.00 ,75, £253.75 ,10-15 days,Assembled,SOFA2M0008,£201.80,1 Year Warranty
SOFA2M0009,Living Room,,,,,,,Living Room Furniture,Sofas 2 Seater,Hoxton Manhattan,,85,142,90,H85 W142 D90,Fabric,Grey,Hoxton Sofa,"Two seater upholstered sofa | Fixed cover with removable foam filled seat cushions and removable rebound fibre filled back cushions | Fire resistant foam (CMHR) | 100% Polyester | Solid beech wood or hardwood frame consisting of base rails springs and other load bearing rails | Vacuum with a soft brush | Compliant with BS5852 Part 1 Cigarette and Match and BS5852 FR3 CRIB Ignition Source 5 | Complies with EN 12520:2015 for strength, durability and safety of seating",Alan,,,Special,Bentincks ,Essential, £145.00 ,75, £253.75 ,10-15 days,Assembled,DFF0137GRSDID,£201.80,1 Year Warranty
SOFA2Y0001,Living Room,,,,,,,Living Room Furniture,Sofas 2 Seater,Barcelona York,,93,142,90,H93 W175 D98,Vinyl,Black,Barcelona Sofa,"Faux leather two seater sofa | Solid wood frame FSC Certified | 80% PVC 20% Cotton | Fire resistant foam (CMHR) | Stain resistant vinyl covering | Stitched seams | Foam filled fixed seat cushion and removable rebound fibre filled back cushion | We recommend to clean with a damp sponge and vacuum with a soft brush | Complies to EN 12520:2015 for strength, durability and safety of seating",cara_2seater1,cara_2seater2,,Special,Bentincks ,Essential, £100.00 ,75, £175.00 ,10-15 days,Assembled,DFF0300BLSDID,£189.20,1 Year Warranty
SOFA2Y0002,Living Room,,,,,,,Living Room Furniture,Sofas 2 Seater,Barcelona York,,93,142,90,H93 W175 D98,Vinyl,Brown,Barcelona Sofa,"Faux leather two seater sofa | Solid wood frame FSC Certified | 80% PVC 20% Cotton | Fire resistant foam (CMHR) | Stain resistant vinyl covering | Stitched seams | Foam filled fixed seat cushion and removable rebound fibre filled back cushion | We recommend to clean with a damp sponge and vacuum with a soft brush | Complies to EN 12520:2015 for strength, durability and safety of seating",cara_2seater1br,cara_2seater2br,,Special,Bentincks ,Essential, £100.00 ,75, £175.00 ,10-15 days,Assembled,DFF0300BRSDID,£189.20,1 Year Warranty
SOFA3M0001,Living Room,,,,,,,Living Room Furniture,Sofas 3 Seater,Hoxton Manhattan,,85,182,90,H85 W182 D90,Fabric,Beige,Hoxton Sofa,"Three seater upholstered sofa | Fixed cover with removable foam filled seat cushions and removable rebound fibre filled back cushions | Fire resistant foam (CMHR) | 100% Polyester | Solid beech wood or hardwood frame consisting of base rails springs and other load bearing rails | Vacuum with a soft brush | Compliant with BS5852 Part 1 Cigarette and Match and BS5852 FR3 CRIB Ignition Source 5 | Complies with EN 12520:2015 for strength, durability and safety of seating",Alan,,,Special,Bentincks ,Essential, £162.00 ,75, £283.50 ,10-15 days,Assembled,DFF0139BGSDID,£224.58,1 Year Warranty
SOFA3M0002,Living Room,,,,,,,Living Room Furniture,Sofas 3 Seater,Hoxton Manhattan,,85,182,90,H85 W182 D90,Vinyl,Black,Hoxton Sofa,"The Hoxton is a versatile sofa that would suit most interiors and decor | A compact sofa with low wide feet | Faux Leather fabric | Solid wood frame consisting of base rails, springs and other load bearing rails | Fire resistant foam (CMHR) | Stain resistant vinyl covering | 80% PVC 20% Cotton | Stitched seams | Rub test 80,000 | We recommend to clean this article with a sponge dampened with water and vacuum with a soft brush | Removable foam filled seat cushions and removable rebound fibre filled back cushions | Compliant with BS5852 Part 1 Cigarette and Match and BS5852 FR3 CRIB Ignition Source 5 | Complies with EN 12520:2015 Strength, durability and safety of seating | Made in the UK",Manhattan-Leather-3-Seater-Black,,,Stock,Bentincks ,Essential, £162.00 ,75, £283.50 ,,Assembled,DFF0138BLSDID,£224.58,1 Year Warranty
SOFA3M0003,Living Room,,,,,,,Living Room Furniture,Sofas 3 Seater,Hoxton Manhattan,,85,182,90,H85 W182 D90,Fabric,Brown,Hoxton Sofa,"Three seater upholstered sofa | Fixed cover with removable foam filled seat cushions and removable rebound fibre filled back cushions | Fire resistant foam (CMHR) | 100% Polyester | Solid beech wood or hardwood frame consisting of base rails springs and other load bearing rails | Vacuum with a soft brush | Compliant with BS5852 Part 1 Cigarette and Match and BS5852 FR3 CRIB Ignition Source 5 | Complies with EN 12520:2015 for strength, durability and safety of seating",Alan,,,Special,Bentincks ,Essential, £162.00 ,75, £283.50 ,10-15 days,Assembled,DFF0139BRSDID,£224.58,1 Year Warranty
SOFA3M0004,Living Room,,,,,,,Living Room Furniture,Sofas 3 Seater,Hoxton Manhattan,,85,182,90,H85 W182 D90,Vinyl,Brown,Hoxton Sofa,"The Hoxton is a versatile sofa that would suit most interiors and decor | A compact sofa with low wide feet | Faux Leather fabric | Solid wood frame consisting of base rails, springs and other load bearing rails | Fire resistant foam (CMHR) | Stain resistant vinyl covering | 80% PVC 20% Cotton | Stitched seams | Rub test 80,000 | We recommend to clean this article with a sponge dampened with water and vacuum with a soft brush | Removable foam filled seat cushions and removable rebound fibre filled back cushions | Compliant with BS5852 Part 1 Cigarette and Match and BS5852 FR3 CRIB Ignition Source 5 | Complies with EN 12520:2015 Strength, durability and safety of seating | Made in the UK",Manhattan-Leather-3-Seater-Brown,,,Stock,Bentincks ,Essential, £162.00 ,75, £283.50 ,,Assembled,DFF0138BRSDID,£224.58,1 Year Warranty
SOFA3M0005,Living Room,,,,,,,Living Room Furniture,Sofas 3 Seater,Hoxton Manhattan,,85,182,90,H85 W182 D90,Vinyl,Cream,Hoxton Sofa,"The Hoxton is a versatile sofa that would suit most interiors and decor | A compact sofa with low wide feet | Faux Leather fabric | Solid wood frame consisting of base rails, springs and other load bearing rails | Fire resistant foam (CMHR) | Stain resistant vinyl covering | 80% PVC 20% Cotton | Stitched seams | Rub test 80,000 | We recommend to clean this article with a sponge dampened with water and vacuum with a soft brush | Removable foam filled seat cushions and removable rebound fibre filled back cushions | Compliant with BS5852 Part 1 Cigarette and Match and BS5852 FR3 CRIB Ignition Source 5 | Complies with EN 12520:2015 Strength, durability and safety of seating | Made in the UK",no stock - fabric swatch - Alan,,,Special,Bentincks ,Essential, £162.00 ,75, £283.50 ,10-15 days,Assembled,DFF0138CRSDID,£224.58,1 Year Warranty
SOFA3M0006,Living Room,,,,,,,Living Room Furniture,Sofas 3 Seater,Hoxton Manhattan,,85,182,90,H85 W182 D90,Fabric,Aubergine,Hoxton Sofa,"Three seater upholstered sofa | Fixed cover with removable foam filled seat cushions and removable rebound fibre filled back cushions | Fire resistant foam (CMHR) | 100% Polyester | Solid beech wood or hardwood frame consisting of base rails springs and other load bearing rails | Vacuum with a soft brush | Compliant with BS5852 Part 1 Cigarette and Match and BS5852 FR3 CRIB Ignition Source 5 | Complies with EN 12520:2015 for strength, durability and safety of seating",no stock - fabric swatch - Alan,,,Special,Bentincks ,Essential, £162.00 ,75, £283.50 ,10-15 days,Assembled,SOFA3M0006,£224.58,1 Year Warranty
SOFA3M0008,Living Room,,,,,,,Living Room Furniture,Sofas 3 Seater,Hoxton Manhattan,,85,182,90,H85 W182 D90,Fabric,Teal,Hoxton Sofa,"Three seater upholstered sofa | Fixed cover with removable foam filled seat cushions and removable rebound fibre filled back cushions | Fire resistant foam (CMHR) | 100% Polyester | Solid beech wood or hardwood frame consisting of base rails springs and other load bearing rails | Vacuum with a soft brush | Compliant with BS5852 Part 1 Cigarette and Match and BS5852 FR3 CRIB Ignition Source 5 | Complies with EN 12520:2015 for strength, durability and safety of seating",no stock - fabric swatch - Alan,,,Special,Bentincks ,Essential, £162.00 ,75, £283.50 ,10-15 days,Assembled,SOFA3M0008,£224.58,1 Year Warranty
SOFA3M0009,Living Room,,,,,,,Living Room Furniture,Sofas 3 Seater,Hoxton Manhattan,,85,182,90,H85 W182 D90,Fabric,Grey,Hoxton Sofa,"Three seater upholstered sofa | Fixed cover with removable foam filled seat cushions and removable rebound fibre filled back cushions | Fire resistant foam (CMHR) | 100% Polyester | Solid beech wood or hardwood frame consisting of base rails springs and other load bearing rails | Vacuum with a soft brush | Compliant with BS5852 Part 1 Cigarette and Match and BS5852 FR3 CRIB Ignition Source 5 | Complies with EN 12520:2015 for strength, durability and safety of seating",Alan,,,Special,Bentincks ,Essential, £162.00 ,75, £283.50 ,10-15 days,Assembled,DFF0139GRSDID,£224.58,1 Year Warranty
SOFA3Y0003,Living Room,,,,,,,Living Room Furniture,Sofas 3 Seater,Barcelona York,,93,210,98,H93 W210 D98,Vinyl,Black,Barcelona Sofa,"Faux leather three seater sofa | Solid wood frame FSC Certified | 80% PVC 20% Cotton | Fire resistant foam (CMHR) | Stain resistant vinyl covering | Stitched seams | Foam filled fixed seat cushion and removable rebound fibre filled back cushion | We recommend to clean with a damp sponge and vacuum with a soft brush | Complies to EN 12520:2015 for strength, durability and safety of seating",cara_3seater,cara_3seater2,,Special,Bentincks ,Essential, £120.00 ,75, £210.00 ,10-15 days,Assembled,DFF301BLSDID,£217.80,1 Year Warranty
SOFA3Y0004,Living Room,,,,,,,Living Room Furniture,Sofas 3 Seater,Barcelona York,,93,210,98,H93 W210 D98,Vinyl,Brown,Barcelona Sofa,"Faux leather three seater sofa | Solid wood frame FSC Certified | 80% PVC 20% Cotton | Fire resistant foam (CMHR) | Stain resistant vinyl covering | Stitched seams | Foam filled fixed seat cushion and removable rebound fibre filled back cushion | We recommend to clean with a damp sponge and vacuum with a soft brush | Complies to EN 12520:2015 for strength, durability and safety of seating",cara_3seater1br,cara_3seater2br,,Special,Bentincks ,Essential, £120.00 ,75, £210.00 ,10-15 days,Assembled,DFF0301BRSDID,£217.80,1 Year Warranty
BEDSID0006,Bedroom,,,,,,,Bedroom Furniture,Bedside Table 1 drawer,Marseille,,59,45,46,,Wood,Maple,Marseille Bedside 1 Drawer,"Fully assembled bedside table | Single drawer unit | Made of MFC and MDF | Joints are glued, doweled and corner braced | Metal drawer sides with solid base and back panel | Metal bow handle | Made in the UK",MARSEILLE bedside cabinet 11 1,MARSEILLE bedside cabinet 11 2,MARSEILLE bedside cabinet 11 3,Stock,Hughes/Bentincks,Essential, £30.00 ,75, £52.50 ,,Assembled,DFF0010SDID,£34.17,1 Year Warranty
CHEST40005,Bedroom,,,,,,,Bedroom Furniture,Chests of  4 Drawers,Marseille,,84.5,78,46,,Wood,Maple,Marseille Chest of 4 Drawers,"Fully assembled 4 drawer chest | Two shallow and two deep drawers | Made of MFC and MDF wood effect/laminate/veneer | Joints are glued, doweled and corner braced | Metal drawer sides with solid base and back panel | Metal bow handle | Complies with BS4875 Part7:2006 Domestic and contract storage furniture; Performance Requirement Level 4 and EN14749:2016 Domestic and kitchen storage units | Made in the UK",MARSEILLE 4 drawer chest 34 3,MARSEILLE 4 drawer chest 34 4,,Stock,Hughes/Bentincks,Essential, £78.70 ,75, £137.73 ,,Assembled,DFF0015SDID,£98.56,1 Year Warranty
CHEST50004,Bedroom,,,,,,,Bedroom Furniture,Chests of  5 Drawers,Marseille,,105,78,46,,Wood,Maple,Marseille Chest of 5 Drawers,"Fully assembled 5 drawer chest | Two shallow and three deep drawers | Made of MFC and MDF wood effect/laminate/veneer | Joints are glued, doweled and corner braced | Metal drawer sides with solid base and back panel | Metal bow handle | Complies with BS4875 Part7:2006 Domestic and contract storage furniture; Performance Requirement Level 4 and EN14749:2016 Domestic and kitchen storage units | Made in the UK",MARSEILLE 5 drawer chest 35 1,MARSEILLE 5 drawer chest 35 2,,Stock,Hughes/Bentincks,Essential, £85.00 ,75, £148.75 ,,Assembled,DFF0016SDID,£106.53,1 Year Warranty
DESKWD0001,Home Office,Living Room,Bedroom,,,,,Home Office Furniture,Desk,Marseille,,72,100,50,,Wood,Maple,Marseille Desk,Fully assembled desk |Simple style desk | Made of MFC and MDF | Complies with BS4875 Part7:2006 Domestic and contract storage furniture; Performance Requirement Level 4 and EN14749:2016 Domestic and kitchen storage units | Made in the UK,supplier unable to photo - no stock,,,Stock,Hughes,Essential, £42.86 ,75, £75.01 ,,Assembled,DESKWD0001,£75.00,1 Year Warranty
HEADBD0006,Bedroom,,,,,,,Bedroom Furniture,Headboards Single,Marseille,,30,92,1.5,,Wood,Maple,Marseille Headboard Single,Single headboard | Made of MDF | Made in the UK,MARSEILLE HEADBOARD 1,MARSEILLE HEADBOARD 2,,Stock,Hughes,Essential, £8.95 ,75, £15.66 ,,Assembled,DFF0036SDID,£11.99,1 Year Warranty
 ,Bedroom,,,,,,,Bedroom Furniture,Headboards Double,Marseille,,30,137.5,1.5,,Wood,Maple,Marseille Headboard Double,Double headboard | Made of MDF | Made in the UK,supplier unable to photo - no stock,,,Stock,Hughes,Essential, £12.30 ,75, £21.53 ,,Assembled,DFF0035SDID,£15.04,1 Year Warranty
ROBESC0002,Bedroom,,,,,,,Bedroom Furniture,Wardrobes Combi,Marseille,,186,76,48,,Wood,Maple,Marseille Wardrobe Combi,"Fully assembled 2 door 3 drawer combination wardrobe | Made of MFC and MDF | Joints are glued, doweled and corner braced | Metal drawer sides with solid base and back panel | Metal bow handle | 165° concealed hinges | Made in the UK",MARSEILLE combi wardrobe 533 1,MARSEILLE combi wardrobe 533 2,MARSEILLE combi wardrobe open 533 4,Stock,Hughes/Bentincks,Essential, £113.00 ,75, £197.75 ,,Assembled,DFF0055SDID,£157.00,1 Year Warranty
ROBESD0001,Bedroom,,,,,,,Bedroom Furniture,Wardrobes Double,Marseille,,186,76,48,,Wood,Maple,Marseille Wardrobe Double,"Fully assembled double wardrobe | Made of MFC and MDF | Joints are glued, doweled and corner braced | Metal drawer sides with solid base and back panel | Metal bow handle | 165° concealed hinges | Made in the UK",MARSEILLE double wardrobe 530 1,MARSEILLE double wardrobe 530 2,,Stock,Hughes/Bentincks,Essential, £91.15 ,75, £159.51 ,,Assembled,DFF0057SDI,£122.00,1 Year Warranty
ROBESS0001,Bedroom,,,,,,,Bedroom Furniture,Wardrobes Single,Marseille,,186,58,48,,Wood,Maple,Marseille Wardrobe Single,"Fully assembled single wardrobe | Made of MFC and MDF | Joints are glued, doweled and corner braced | Metal drawer sides with solid base and back panel | Metal bow handle | 165° concealed hinges | Made in the UK",MARSEILLE single wardrobe 524 1,MARSEILLE single wardrobe 524 3,Marseilles wardrobe,Stock,Hughes/Bentincks,Essential, £71.35 ,75, £124.86 ,,Assembled,DFF0056SDID,£94.38,1 Year Warranty
BEDBAS0001,Bedroom,,,,,,,Bedroom Furniture,Bed Bases Single,Diana S5,190,35.5,90,,,Wood/Fabric,White/Blue,Diana Crib 5 Base,"Bed base to pair with our Single Diana Mattress | Polyester Viscose covering | Platform top, non-sprung base | Timber frame construction from sustainable sources; meets FSC/PEFC standards |The Diana bed base adheres to UK Crib 5 flammability regulations | Castors provided for ease of movement |Made in the UK ",candy blue base RT.jpg,candy blue detail.jpg,,Stock,Highgrove,Essential, £19.50 ,75, £34.13 ,,Assembled,BEDBAS0001,£43.20,1 Year Warranty
BEDBAS0003,Bedroom,,,,,,,Bedroom Furniture,Bed Frames Wood Single,Torino,202,98.5,83.5,,,Wood,Pine,Torino Wooden Bed Frame Single,Solid pine bed frame | Straight spindle headboard with low foot end | Height to Headboard 83.5cm | Height to Footboard 48cm | Slatted base design | Self assembly required,Torino Single,,,Stock,Heartlands,Essential, £42.00 ,75, £73.50 ,,Assembled,BEDBAS0003,£65.60,1 Year Warranty
BEDBAS0004,Bedroom,,,,,,,Bedroom Furniture,Bed Frames Metal Single,Leanne,201.3,92.5,81.7,,,Metal,Silver,Leanne Metal Bed Frame Single,Modern design metal bed frame | Metal bar base for extra strength with additional centre legs on side rails for durability | Height to Headboard 81.7cm | Height to Footboard 48.7cm | Self assembly required,Leanne - with matt,,,Stock,Heartlands,Essential, £29.00 ,75, £50.75 ,,Assembled,BEDBAS0004,£44.64,1 Year Warranty
BEDBAS0005,Bedroom,,,,,,,Bedroom Furniture,Bed Bases Pineking Single,Pineking Ortho,190,35.5,90,,,Wood/Fabric,Cream,Pine King Standard Orthopaedic Bed Base - Single,Orthopaedic Mattress | Medium Support | Hand Tufted | Luxury fillings | Comfort fabric covering 100% Cotton? | The PineKing Orthopaedic is for domestic use and conforms to BS7177 low hazard safety regulations | Please turn and rotate mattresses regularly | Made in the UK,turin ortho 1.jpg,,,Stock,Highgrove,Essential, £40.00 ,75, £70.00 ,,Assembled,BEDBAS0005,£102.40,1 Year Warranty
BEDBAS0006,Bedroom,,,,,,,Bedroom Furniture,Bed Bases Double,Diana S5,190,35.5,135,,,Wood/Fabric,White/Blue,Diana Bed Base - Double (contract crib 5),"Bed base to pair with our Double Diana Mattress | Polyester Viscose covering | Platform top, non-sprung base | Timber frame construction from sustainable sources; meets FSC/PEFC standards |The Diana bed base adheres to UK Crib 5 flammability regulations | Double bed base is split for ease of delivery and installation | Castors provided for ease of movement | Made in the UK ",candy blue double base RT.jpg,candy blue double detail.jpg,,Stock,Highgrove,Essential, £29.00 ,75, £50.75 ,,Assembled,DFF0024SDID,£96.03,1 Year Warranty
BEDBAS0009,Bedroom,,,,,,,Bedroom Furniture,Bed Frames Metal Double,Leanne,185,89,135,,,Metal,Silver,Leanne Bed Frame Metal - Double,Modern design metal bed frame | Metal bar base for extra strength with additional centre legs on side rails for durability | Headboard Height 89cm | Footboard Height 54cm | Self assembly required,leanne double.jpg,,,Stock,Heartlands,Essential, £41.00 ,75, £71.75 ,,Assembled,BEDBAS0009,£73.78,1 Year Warranty
BEDBAS0011,Bedroom,,,,,,,Bedroom Furniture,Bed Base Double,Neptune source 7,190,35.5,135,,,Wood/Breathable Waterproof Fabric,Blue,Neptune Bed Base - Double (contract crib 7),"Bed base to pair with our Double Neptune Mattress | Breathable Waterproof covering | Platform top, non-sprung base | Timber frame construction from sustainable sources; meets FSC/PEFC standards |The Neptune bed base adheres to UK Crib 7 flammability regulations | Double bed base is split for east of delivery and installation | Castors provided for ease of movement | Made in the UK",maestro double base RT.jpg,maestro double detail.jpg,,Stock,Highgrove,Essential, £41.00 ,75, £71.75 ,,Assembled,DFF0021SDID,£147.98,1 Year Warranty
BEDBAS0012,Bedroom,,,,,,,Bedroom Furniture,Bed Bases Single,Neptune source 7,190,35.5,90,,,Wood/Breathable Waterproof Fabric,Blue,Neptune Bed Base - Single (contract crib 7),"Bed base to pair with our Single Neptune Mattress | Breathable Waterproof covering | Platform top, non-sprung base | Timber frame construction from sustainable sources; meets FSC/PEFC standards |The Neptune bed base adheres to UK Crib 7 flammability regulations | Castors provided for ease of movement | Made in the UK",maestro base RT.jpg,maestro detail.jpg,,Stock,Highgrove,Essential, £30.50 ,75, £53.38 ,,Assembled,BEDBAS0012,£49.46,1 Year Warranty
BEDBAS0013,Bedroom,,,,,,,Bedroom Furniture,Bed Frame Wood Double,Torino,200.7,83.9,149.9,,,Wood,Pine,Torino Wooden Bed Frame - Double,Solid pine bed frame | Straight spindle headboard with low foot end | Headboard Height 83.9cm | Footboard Height 48.3cm | Slatted base design | Self assembly required,Torino-,,,Stock,Heartlands,Essential, £55.00 ,75, £96.25 ,,Assembled,BEDBAS0013,£85.01,1 Year Warranty
BEDBAS0014,Bedroom,,,,,,,Bedroom Furniture,Bed Bases King,Diana S5,200,35.5,150,,,Wood/Fabric,White/Blue,Diana Bed Base - King (contract crib 5),"Bed base to pair with our King Diana Mattress | Polyester Viscose covering | Platform top, non-sprung base | Timber frame construction from sustainable sources; meets FSC/PEFC standards |The Diana bed base adheres to UK Crib 5 flammability regulations | King bed base is split for ease of delivery and installation |  Castors provided for ease of movement | Made in the UK ",candy blue double base RT.jpg,candy blue double detail.jpg,,Special,Highgrove,Essential, £44.00 ,75, £77.00 ,6-10 days,Assembled,BEDBAS0014,£84.80,1 Year Warranty
BEDBAS0016,Bedroom,,,,,,,Bedroom Furniture,Bed Bases Pineking King,Pineking Ortho,200,35.5,150,,,Wood/Fabric,Cream,Pine King Standard Orthopaedic Bed Base - King,Bed base to pair with our PineKing Orthopaedic Mattress | Comfort fabric covering polyester/polypropylene mix | Softwood frame construction from sustainable sources |Black castors for ease of movement | The King base splits for ease of delivery and installation and is joined in situ with linking bars | The PineKing Orthopaedic is for domestic use and conforms to BS7177 low hazard safety regulations | Made in the UK,requested,,,Special,Highgrove,Essential, £70.00 ,75, £122.50 ,6-10 days,Assembled,BEDBAS0016,£115.49,1 Year Warranty
BEDBAS0024,Bedroom,,,,,,,Bedroom Furniture,Bed Bases Verona King,Verona,200,35.5,150,,,Wood/Fabric,Cream,Verona Bed Base - King,Bed base to pair with our King Verona Mattress | Polyester/Polypropylene covering | Softwood frame construction from sustainable sources | Frame is a firm platform top construction | The King base splits for ease of delivery and installation and is joined in situ with linking bars | The Verona is for domestic use | Made in the UK,requested,,,Special,Highgrove,Essential, £60.00 ,75, £105.00 ,6-10 days,Assembled,no sales code,£105.00,1 Year Warranty
BEDBAS0019,Bedroom,,,,,,,Bedroom Furniture,Bed Bases S7 Single,Victory S7,190,35.5,90,,,Wood/PVC Waterproof Fabric,Blue Stripe,Victory Waterproof PVC Bed Base - Single (contract crib 7),"Bed base to pair with our Single Victory Mattress | PVC Waterproof covering | Platform top, non-sprung base | Timber frame construction from sustainable sources; meets FSC/PEFC standards | The Victory bed base adheres to UK Crib 7 flammability regulations | Castors provided for ease of movement | Made in the UK",majestic single base RT.jpg,majestic single detail.jpg,,Stock,Highgrove,Essential, £30.50 ,75, £53.38 ,,Assembled,BEDBAS0019,£46.25,1 Year Warranty
BEDBAS0020,Bedroom,,,,,,,Bedroom Furniture,Bed Bases S7 Double,Victory S7,190,35.5,135,,,Wood/PVC Waterproof Fabric,Blue Stripe,Victory Waterproof PVC Bed Base - Double (contract crib 7),"Bed base to pair with our Double Victory Mattress | PVC Waterproof covering | Platform top, non-sprung base | Timber frame construction from sustainable sources; meets FSC/PEFC standards | The Victory bed base adheres to UK Crib 7 flammability regulations | Double bed base is split for ease of delivery and installation | Castors provided for ease of movement | Made in the UK",majestic double base RT.jpg,majestic double detail.jpg,,Stock,Highgrove,Essential, £41.00 ,75, £71.75 ,,Assembled,BEDBAS0020,£64.16,1 Year Warranty
BUNKBE0002,Bedroom,,,,,,,Bedroom Furniture,Bunk Beds,Milano / Other,200.7,152.4,97.8,,,Wood,Pine,Milano Wood Bunk Beds,A traditionally styled pine bunk bed  | Classic spindle detail in the headboard and footboard | Top bunk has a safety rail and comes with a ladder for easy access | Can be split into two beds | Self assembly,Milano Light Antique,,,Stock,Heartlands,Essential, £100.00 ,75, £175.00 ,,Assembled,DFF0012SDID,£129.98,1 Year Warranty
FOLDIN0001,Bedroom,,,,,,,Bedroom Furniture,Folding Bed with Mattress,Copenhagen,150,34,80,,,Metal,Black,Copenhagen Folding Bed with Mattress,Folding metal bed frame with mattress | Black tubular steel frame | Slatted base for added comfort | Easy folding action | Compact for storage | Folded dimensions H940 W800 D150 mm,copenhagen open,copenhagenn closed standing,copenhagen BED FLAT,Stock,Heartlands,Essential, £45.00 ,75, £78.75 ,,Assembled,FOLDIN0001,£72.72,1 Year Warranty
BEDSET0004,Bedroom,,,,,,,Bedroom Furniture,ZIP AND LINK 6' Verona Super King,Verona,200,53.9,180,,,Polyester/Polypropylene,Cream,Verona Zip & Link Super King Bed Base & Mattress,The Verona mattress is an exceptional value micro-quilted mattress | High quality woven damask covering - 52% Polypropylene 48% Polyester | Deep layers of surface upholstery provide luxurious comfort | Traditional 13.5 gauge Bonnell spring ensures correct underlying support | Sleep both sides to maximise performance |  The Verona bed base is a fully upholstered softwood frame construction built from sustainable sources | Firm platform top construction | Castors for ease of movement | Base is split for ease of delivery and installation and is joined in situ by linking bars,requested,,,Special,Highgrove,Essential, £234.00 ,75, £409.50 ,6-10 days,Assembled,no sales code,£351.00,1 Year Warranty
MATTRE0003,Bedroom,,,,,,,Bedroom Furniture,Mattresses Diana S5 Single ,Diana S5,190,18,90,,,Polyester/Viscose,White/Blue,Diana Mattress - Single (contract crib 5),Entry level spring interior mattress | Bonnell Spring Unit | Light Quilted | Polyester Viscose covering | The Diana is a safety compliance mattress that is fire tested to Crib 5 specifications and strict adherence to BS7177 medium hazard safety regulations | Please turn and rotate mattress regularly |Made in the UK ,candy blue detail.jpg,candy blue RT.jpg,,Stock,Highgrove,Essential, £27.50 ,75, £48.13 ,,Assembled,DFF0052SDID,£34.64,1 Year Warranty
MATTRE0004,Bedroom,,,,,,,Bedroom Furniture,Mattresses Victory S5 Single,Victory S5,190,19,90,,,PVC Waterproof,Blue Stripe,Victory Waterproof PVC Mattress - Single (contract crib 5),Spring interior mattress | Bonnell Spring Unit | PVC Waterproof covering |  The Victory is a safety compliance mattress that is fire tested to Crib 5 specifications and strict adherence to BS7177 high hazard safety regulations | Please turn and rotate mattress regularly | Made in the UK,majestic single RT.jpg,majestic single detail.jpg,,Stock,Highgrove,Essential, £46.50 ,75, £81.38 ,,Assembled,DFF0066SDID,£71.53,1 Year Warranty
MATTRE0005,Bedroom,,,,,,,Bedroom Furniture,Mattresses Orthopaedic/Pineking Double,Pineking Ortho,190,23,135,,,Cotton,Cream,Pine King Standard Orthopaedic Mattress - Double,Orthopaedic Mattress | Medium Support | Hand Tufted | Luxury fillings | Comfort fabric covering 100% Cotton? | The PineKing Orthopaedic is for domestic use and conforms to BS7177 low hazard safety regulations | Please turn and rotate mattresses regularly | Made in the UK,requested,,,Special,Highgrove,Essential, £65.00 ,75, £113.75 ,6-10 days,Assembled,DFF0065SDID,£103.00,1 Year Warranty
MATTRE0008,Bedroom,,,,,,,Bedroom Furniture,Mattresses Diana S5 Double,Diana S5,190,18,135,,,Polyester/Viscose,White/Blue,Diana Mattress - Double (contract crib 5),Entry level spring interior mattress | Bonnell Spring Unit | Light Quilted | Polyester Viscose covering | The Diana is a safety compliance mattress that is fire tested to Crib 5 specifications and strict adherence to BS7177 medium hazard safety regulations | Please turn and rotate mattress regularly |Made in the UK ,candy blue double detail.jpg,candy blue double RT.jpg,,Stock,Highgrove,Essential, £40.00 ,75, £70.00 ,,Assembled,DFF0033SDID,£56.76,1 Year Warranty
MATTRE0010,Bedroom,,,,,,,Bedroom Furniture,Mattresses Orthopaedic/Pineking Single,Pineking Ortho,190,23,90,,,Cotton,Cream,Pine King Standard Orthopaedic Mattress - Single,Bed base to pair with our PineKing Orthopaedic Mattress | Comfort fabric covering polyester/polypropylene mix | Softwood frame construction from sustainable sources |Black castors for ease of movement | The Double base splits for ease of delivery and installation and is joined in situ with linking bars | The PineKing Orthopaedic is for domestic use and conforms to BS7177 low hazard safety regulations | Made in the UK,turin ortho 2.jpg,turin ortho 1.jpg,,Stock,Highgrove,Essential, £55.00 ,75, £96.25 ,,Assembled,DFF0064SDID,£75.00,1 Year Warranty
MATTRE0011,Bedroom,,,,,,,Bedroom Furniture,Mattresses Orthopaedic/Pineking King,Pineking Ortho,200,23,150,,,Cotton,Cream,Pine King Standard Orthopaedic Mattress - King,Orthopaedic Mattress | Medium Support | Hand Tufted | Luxury fillings | Comfort fabric covering 100% Cotton? | The PineKing Orthopaedic is for domestic use and conforms to BS7177 low hazard safety regulations | Please turn and rotate mattresses regularly | Made in the UK,requested,,,Special,Highgrove,Essential, £80.00 ,75, £140.00 ,6-10 days,Assembled,MATTRE0011,£193.20,1 Year Warranty
MATTRE0012,Bedroom,,,,,,,Bedroom Furniture,Mattresses Diana S5 King,Diana S5,200,18,150,,,Polyester/Viscose,White/Blue,Diana Mattress - King (contract crib 5),Entry level spring interior mattress | Bonnell Spring Unit | Light Quilted | Polyester Viscose covering | The Diane is a safety compliance mattress that is fire tested to Crib 5 specifications and strict adherence to BS7177 medium hazard safety regulations | Please turn and rotate mattress regularly |Made in the UK ,candy blue double detail.jpg,candy blue double RT.jpg,,Special,Highgrove,Essential, £52.00 ,75, £91.00 ,6-10 days,Assembled,MATTRE0012,£112.70,1 Year Warranty
MATTRE0013,Bedroom,,,,,,,Bedroom Furniture,Mattresses Neptune source 7 Single,Neptune source 7,190,18,90,,,Breathable Waterproof,Blue,Neptune Mattress - Single (contract crib 7),Spring interior mattress | Bonnell Spring Unit | Breathable Waterproof covering |  The Neptune is a safety compliance mattress that is fire tested to Crib 7 specifications and strict adherence to BS7177 high hazard safety regulations | Please turn and rotate mattress regularly |Made in the UK ,maestro detail.jpg,maestro RT.jpg,,Stock,Highgrove,Essential, £46.50 ,75, £81.38 ,,Assembled,DFF0053SDID,£71.53,1 Year Warranty
MATTRE0014,Bedroom,,,,,,,Bedroom Furniture,Mattresses Neptune source 7 Double,Neptune source 7,190,18,135,,,Breathable Waterproof,Blue,Neptune Mattress - Double (contract crib 7),Spring interior mattress | Bonnell Spring Unit | Breathable Waterproof covering |  The Neptune is a safety compliance mattress that is fire tested to Crib 7 specifications and strict adherence to BS7177 high hazard safety regulations | Please turn and rotate mattress regularly |Made in the UK ,maestro double RT.jpg,maestro double detail.jpg,,Stock,Highgrove,Essential, £61.50 ,75, £107.63 ,,Assembled,DFF0034SDID,£91.50,1 Year Warranty
MATTRE0018,Bedroom,,,,,,,Bedroom Furniture,Mattresses Victory S7 Single,Victory S7,190,18,90,,,PVC Waterproof,Blue Stripe,Victory Waterproof PVC Mattress - Single (contract crib 5),Spring interior mattress | Bonnell Spring Unit | PVC Waterproof covering |  The Victory is a safety compliance mattress that is fire tested to Crib 7 specifications and strict adherence to BS7177 high hazard safety regulations | Please turn and rotate mattress regularly | Made in the UK,majestic single RT.jpg,majestic single detail.jpg,,Stock,Highgrove,Essential, £46.50 ,75, £81.38 ,,Assembled,DFF0066SDID,£71.53,1 Year Warranty
MATTRE0019,Bedroom,,,,,,,Bedroom Furniture,Mattresses Victory S7 Double,Victory S7,190,18,135,,,PVC Waterproof,Blue Stripe,Victory Waterproof PVC Mattress - Double (contract crib 7),Spring interior mattress | Bonnell Spring Unit | PVC Waterproof covering |  The Victory is a safety compliance mattress that is fire tested to Crib 7 specifications and strict adherence to BS7177 high hazard safety regulations | Please turn and rotate mattress regularly | Made in the UK,majestic RT.jpg,majestic double detail.jpg,,Stock,Highgrove,Essential, £61.50 ,75, £107.63 ,,Assembled,DFF0067SDID,£91.50,1 Year Warranty
MATTRE0024,Bedroom,,,,,,,Bedroom Furniture,Mattresses Verona King,Verona,200,18,150,,,Polyester/Polypropylene,Cream,Verona Mattress - King,The Verona mattress is an exceptional value micro-quilted mattress | High quality woven damask covering - 52% Polypropylene 48% Polyester | Deep layers of surface upholstery provide luxurious comfort | Traditional 13.5 gauge Bonnell spring ensures correct underlying support | Sleep both sides to maximise performance ,requested,,,special,Highgrove,Essential, £60.00 ,75, £105.00 ,6-10 days,Assembled,no sales code,£105.00,1 Year Warranty
COOKER0001,Kitchen,,,,,,,Kitchen Appliances,Electric Cooker Single Cavity,Statesman,,90,50,60,,Metal,White,Electric Single Cavity Cooker,"Double glazed oven door| Closed door grilling | 4 Solid hotplates (2 x 1Kw, 2 x 1.5Kw) | Grill element power 1.5Kw | 1 Oven shelf | 1 Deep tray, Oven capacity 54 litres |",SE50WH_B,,,Stock,Pik-a-Pak,Essential, £84.00 ,75, £147.00 ,,Assembled,DFF0093SDID,£155.52,2 Years Warranty
COOKER0004,Kitchen,,,,,,,Kitchen Appliances,Gas Cooker Double Cavity,Montpellier,,85,50,60,,Metal,White,Gas Double Cavity Cooker,"Gas Cooker | Double Cavity | White | Easy clean, double glazed, interior light | Main oven two shelves.  Second oven one shelf. Four gas burners | Grill compartment and oven compartment | Flame Failure Device | Complies with BS EN 30-1 & 2.",BDG581W-front.jpg,,,Stock,D.A.D,Essential, £169.00 ,75, £295.75 ,,Assembled,DFF0133SDID,£308.00,2 Years Warranty
COOKER0005,Kitchen,,,,,,,Kitchen Appliances,Table Top Cookers 45 Litre,Igenix,,38,55.5,40,,Metal,White,Mini Oven with 2 Hotplates 26 Ltr,"Electronic compact oven suitable for traditional roasting, baking and grilling | 1000W / 600W Thermostatically double hotplate | 45 Litre capacity | Oven thermostatic 100-230 degrees C | 1500W Oven | Chrome handles |Includes tray with handle and wire shelf | Non stick coated aluminium chamber |Steel heating elements | Oven and hot plate can work simultaneously |",IG7126,,,Stock,Pik-a-Pak,Essential, £69.99 ,75, £122.48 ,,Assembled,COOKER0005,£104.25,2 Years Warranty
COOKER0006,Kitchen,,,,,,,Kitchen Appliances,Table Top Cookers 26 Litre,Igenix,,33.6,48.8,34.3,,Metal,White,Mini Oven with 2 Hotplates 46 Ltr,"Electronic compact oven suitable for traditional roasting, baking and grilling | 1000W Thermostatically double hotplate | 26 Litre capacity | Oven thermostatic 100-230 degrees C | 1600W Oven | Chrome handles |Includes tray with handle and wire shelf | Non stick coated aluminium chamber |Steel heating elements | Oven and hot plate can work simultaneously |",IG7145,,,Stock,Pik-a-Pak,Essential, £46.86 ,75, £82.01 ,,Assembled,COOKER0006,£75.17,2 Years Warranty
DISHWA0001,Kitchen,,,,,,,Kitchen Appliances,Dishwashers,Indesit/Montpellier,,85,60,60,,Metal,White,Dishwasher 60cm,12 Place Settings | 4 Temperatures | 5 Programmes | A++ Energy |,Dishwashing/Freestanding/Full size/DW1254P-1,,,Stock,D.A.D/Indesit,Essential, £155.00 ,75, £271.25 ,,Assembled,DFF0129SDID,£204.60,2 Years Warranty
FRIDGE0001,Kitchen,,,,,,,Kitchen Appliances,Fridge Undercounter with Icebox,Igenix,,85,55.5,60,,Metal,White,Under Counter Fridge with Ice Box,3 Star freezer compartment | 1 x Adjustable glass shelf | Large capacity salad draw | Reversible door | Manual defrost | Energy rating A+ |,IG348R,,,Stock,Pik-a-Pak,Essential, £69.00 ,75, £120.75 ,,Assembled,DFF0097SDID,£109.00,2 Years Warranty
FRIDGE0003,Kitchen,,,,,,,Kitchen Appliances,Fridges Table Top,Igenix,,51,44,47,,Metal,White,Counter top fridge,A+ energy rating | Reversible door | Freezer box compartment | 1 Wire shelf & 2 balcony shelves | Mechanical temperature control | Energy consumption 110kWh/year | Noise level 41db | Total gross capacity 47 litre | Total net capacity 42 litre | ,IG3711_3,,,Stock,Pik-a-Pak,Essential, £59.95 ,75, £104.91 ,,Assembled,FRIDGE0003,£112.23,2 Years Warranty
FRIDGE0004,Kitchen,,,,,,,Kitchen Appliances,Fridges Under counter Larder,Igenix,,85.1,48,45,,Metal,White,Under Counter Fridge,A+ Energy rating | 2 Glass shelves | Crystal salad crisper with glass cover |2 Door balcony shelves |Internal light | Reversible door | Adjustable thermostat | Fridge net capacity 92 litres | Energy consumption 110KWH/year | CFC/HFC free | ,IG3960,,,Stock,Pik-a-Pak,Essential, £78.00 ,75, £136.50 ,,Assembled,FRIDGE0004,£140.85,2 Years Warranty
FRIFRE0001,Kitchen,,,,,,,Kitchen Appliances,Fridge Freezers Half/half,Fridgemaster/Statesman,,150,55.5,60,,Metal,White,Fridge Freezer,50cm Freestanding Fridge Freezer | A+ Energy rating |Gross volume 182 litres | Fridge gross 120 litres | Freezer gross 62 litre | Reversible door |,F1420APW_d,,,Stock,Pik-a-Pak/Hisense,Essential, £109.00 ,75, £190.75 ,,Assembled,DFF0098SDID,£168.00,2 Years Warranty
HOBAPP0001,Kitchen,,,,,,,Kitchen Appliances,Electric Hobs,Statesman,,7.5,58,55,,Metal,White,Electric Hob,"60cm Electric hob | Side knob control | 4 Heat zones 2 Large 1.55kw, 2 small 1kw |",ESH60WH,,,Stock,Pik-a-Pak,Essential, £58.00 ,75, £101.50 ,,Assembled,DFF0131SDID,£97.20,2 Years Warranty
HOBAPP0002,Kitchen,,,,,,,Kitchen Appliances,Gas Hobs,Statesman,,9.5,59,50,,Metal,White,Gas Hob,"Gas Hob | White | Four burner - two medium burners, one large and one simmer | Side controls | Easy clean enamel pan supports | Flame failure device | Mains Ignition | Width 600mm | Complies with BS EN 30-1 & 2",F100511 PAA62I(WH) 1,F100511 PAA62I(WH) 3,F100511 PAA62I(WH) 4,Stock,D.A.D/Indesit,Essential, £58.00 ,75, £101.50 ,,Assembled,DFF0134SDID,£161.24,2 Years Warranty
OVENAP0003,Kitchen,,,,,,,Kitchen Appliances,Electric Integrated Oven,Statesman,,59.5,59.5,56.4,,Metal,White,Electric built in Fan Oven,5 Functions | A Class energy rating | 70mm Bottom bar | Easy clean enamel interior | Moulded rack support | 65 Litres cavity | 2 pcs wire shelf | 1 pc universal pan | 1 pc lift handle |,BSF60WH,,,Stock,Pik-a-Pak,Essential, £119.00 ,75, £208.25 ,,Assembled,DFF0130SDID,£184.40,2 Years Warranty
TUMBLE0001,Kitchen,,,,,,,Kitchen Appliances,Tumble Dryers,Indesit/Montpellier,,85,59.5,58.5,,Metal,White,Condenser Tumble Dryer,8Kg Condenser tumble dryer | White | Energy Efficiency C | Reverse tumble action | Two heat settings | Anti-crease function | Complies to EN 60335-1:2012/A11:2014 & EN 60335-2-11:2010/A11:2012,F089005 IDC8T3B 1,,,Stock,Indesit,Essential, £129.99 ,75, £227.48 ,,Assembled,DFF0125SDID,£211.65,2 Years Warranty
TUMBLE0002,Kitchen,,,,,,,Kitchen Appliances,Vented Tumble Dryer,Indesit/Montpellier,,85,59.5,58,,Metal,White,Vented Tumble Dryer,7Kg Vented tumble dryer | White | Rear vent | Two heat settings | Reverse tumble action | Energy Efficiency C | Complies with EN 60335-1:2012/A11:2014 & EN 60335-2-11:2010/A11:2012,F074628 IDV75 1,F074628 IDV75 2,,Stock,Indesit/D.A.D,Essential, £109.99 ,75, £192.48 ,,Assembled,DFF0126SDID,£162.60,2 Years Warranty
WASHER0001,Kitchen,,,,,,,Kitchen Appliances,Washer Dryer,Indesit/Montpellier,,85,59.5,53.5,,Metal,White,Washer Dryer,Washer Dryer | White | 16 Programmes | Delay Timer | Wash Efficiency A | Spin Efficiency B | Energy Efficiency B | Spin Speed 1000 | Condenser Dryer | Half Load AUTO | Variable Wash Temp | Variable Spin Speed | Quick Wash | Three sensor drying levels | 6Kg washing capacity | 5Kg drying capacity | Complies with EN 60335-1:2012/A11:2014 & EN 60335-2-11:2010/A11:2012 & EN 60335-2-7:2010/A11:2013,F062505 IWDC6125 1,F062505 IWDC6125 2,,Stock,Indesit/D.A.D,Essential, £230.00 ,75, £402.50 ,,Assembled,DFF0127SDID,£386.05,2 Years Warranty
WASHIN0002,Kitchen,,,,,,,Kitchen Appliances,Washing Machines 6KG,Statesman,,85,59.5,47,,Metal,White,Washing Machine 6KG,6KG | 1200rpm Spin speed | 8 Wash programs | quick wash | Cycle progress indictor | Fabric softener to be added during cycle |,TWM0612F_A,,,Stock,Pik-a-Pak,Essential, £112.00 ,75, £196.00 ,,Assembled,DFF0124SDID,£175.00,2 Years Warranty
IRONEL0001,Kitchen,Home accessories,,,,,,Small Appliances,Irons,Igenix,,29.8,13,15,,Plastic with ceramic soleplate,Neutral,Iron,Ceramic soleplate | Shot of stream | Variable steam control | Adjustable temperature control | Overheat protection |Self cleaning | Anti drip function | Comfortable grip handle | Auto shut off|,IG3125,,,Stock,Pik-a-Pak,Essential, £10.90 ,75, £19.08 ,,Assembled,DFF0115SDID,£16.16,2 Years Warranty
KETTLE0001,Kitchen,,,,,,,Small Appliances,Kettles,Igenix,,22.6,20,13.5,,Plastic,White,Kettle,1.7 Litre Capacity |2.2KW |Safety locking lid | Auto switch off on boil | Boil dry protection | Dual water gauge | Removable washable filter | Immersed element | Cord storage | On/Off switch with indicator light |,IG27270,,,Stock,Pik-a-Pak,Essential, £5.99 ,75, £10.48 ,,Assembled,DFF0105SDID,£6.72,2 Years Warranty
MICROW0002,Kitchen,,,,,,,Small Appliances,Microwaves 800w,Igenix,,25.8,43.9,34,,Metal/Plastic/Glass mix,White,Microwave ,Cooking power 800W | Capacity 20 Litre | Power levels 5 | Defrost function | Minute timer 30 minutes | Cooking end signal | Turn table diameter 240mm |,IG2008,,,Stock,Pik-a-Pak,Essential, £32.90 ,75, £57.58 ,,Assembled,DFF0106SDID,£39.77,2 Years Warranty
TOASTE0001,Kitchen,,,,,,,Small Appliances,Toasters 2 slice,Igenix,,18,29,15,,Plastic/Metal mix,White,Toaster,Variable electronic browning control | Slide out fixed crumb tray | Stainless steel insert | Cord storage | Non slip feet |,IG3001,,,Stock,Pik-a-Pak,Essential, £5.99 ,75, £10.48 ,,Assembled,DFF0119SDID,£7.88,2 Years Warranty
VACUUM0001,Living Room,Home accessories,,,,,,Small Appliances,Vacuum Cleaners,Upright,,109,30.5,29,,Plastic/Metal mix,White/Black,Upright Vacuum,"Power 1600w motor | 230W Suction power | 2.5 Litre easy to empty dust container | Floor height adjustment to carpets and hard floors | HEPA filtration |Tools included crevice tool, dusting brush and turbo brush | On board tool storage | 1.8m Stair hose | 7m Power cord |",IG2416,,,Stock,Pik-a-Pak,Essential, £36.53 ,75, £63.93 ,,Assembled,DFF0123SDID,£52.00,2 Years Warranty
CHOPBD0001,Kitchen,,,,,,,Kitchen Essentials,Chopping Board,Unbranded,,31,20.5,8,,Plastic,Neutral,Plastic Chopping Board,Tough plastic ideal for cutting and chopping | Easy to clean,Alan,,,Stock,Zodiac Stainless Products,Essential, £1.95 ,75, £3.41 ,,Assembled,DFF0085SDID,£2.24,1 Year Warranty
CUTLER0006,Kitchen,,,,,,,Kitchen Essentials,Cutlery Tray,Unbranded,,30,38,60,,Plastic,Neutral,Plastic Cutlery Tray,Deep sections to separate cutlery | Fits standard size drawers,Alan,,,Stock,Whitefurze,Essential, £0.79 ,75, £1.38 ,,Assembled,DFF0090SDID,£1.06,1 Year Warranty
LAUNDR0001,Kitchen,Home accessories,,,,,,Kitchen Essentials,Laundry Basket,Unbranded,,64,46,46,,Plastic,Neutral,Laundry Basket,"Round laundry bin with lid | Lightweight, family size capacity",Alan,,,Stock,Whitefurze,Essential, £1.70 ,75, £2.98 ,,Assembled,DFF0086SDID,£2.28,1 Year Warranty
TODDLE0001,Nursery,Bedroom,,,,,,Nursery Furniture,Toddler Bed,Unbranded,145,63,77,,,Wood,Natural Pine or White,Toddler Bed,Traditional style toddler bed suitable for 18 months to 4 years | Side safety rails to prevent falling out | Colour will be natural pine or white | Flat packed for self assembly,eve white junior bed png,,,Stock,Kiddicare,Essential, £58.33 ,75, £102.07 ,,Flat Pack,TODDLE0001,£94.40,1 Year Warranty
TODDLE0002,Nursery,Bedroom,,,,,,Nursery Furniture,Toddler Bed Mattress,Unbranded,120,10,60,,,Foam Breathable Waterproof,White,Toddler Bed Mattress,Lightweight mattress made from high density foam | Covered with a waterproof and easy clean cover | Fixed cover,Alan,,,Stock,Kiddicare/online,Essential, £24.99 ,75, £43.73 ,,Assembled,TODDLE0002,£41.87,1 Year Warranty
MIRROR0002,Living Room,Bedroom,Dining Room,,,,,Home Accessories,Mirror,Unbranded,,73,53,20,,Glass with wood surround,Pine,Mirror,Picture mirror with natural pine surround,Alan,,,Stock,Sher Bros,Essential, £4.95 ,75, £8.66 ,,Assembled,MIRROR0002,£7.43,1 Year Warranty
MIRROR0005,Bedroom,,,,,,,Home Accessories,Mirror Full Length,Unbranded,,145,45,35,,Glass with surround,Dark Brown,Mirror Full Length,Full length mirror with dark wood surround,Alan,,,Stock,Sher Bros,Essential, £21.95 ,75, £38.41 ,,Assembled,MIRROR0005,£32.93,1 Year Warranty
DOORMA0001,Living Room,,,,,,,Home Accessories,Door Mat,Unbranded,60,1.5,40,,,Polypropylene mix,Dark,Door Mat,Durable interior door mat,Alan,,,Stock,Premier,Essential, £3.85 ,75, £6.74 ,,Assembled,DOORMA0001,£5.78,1 Year Warranty
COOKER0002,Kitchen,,,,,,,Kitchen Appliances,Electric Cooker Double Cavity,Statesman,,90,50,60,,Metal,White,Electric Twin Cavity cooker,"Conventional oven and separate grill | Double glazed oven door and grill door | Electric grill | 4 Solid hotplate (2 x 1KW, 2 x 1.5Kw)| Grill element power 1.5 Kw| 1 Oven shelf | 1 Deep tray |Oven capacity 54 litres |",TE50WH_B,,,Stock,Pik-a-Pak,Essential, £212.17 ,75, £371.30 ,,Assembled,DFF0094SDID,£201.56,2 Years Warranty
COOKER0003,Kitchen,,,,,,,Kitchen Appliances,Gas Cooker Single Cavity,Statesman,,85,50,60,,Metal,White,Gas Single Cavity Cooker,"4 Gas burners (2 x semi-rapid, 1 x rapid, 1 x simmer) | Flame failure device | Gas thermostatic oven | Full ignition | Easy clean enamel | 1 Oven shelf & a full width oven tray | Grill pan & Handle | Energy rating A",STUDIO2,,,Stock,Pik-a-Pak,Essential, £129.00 ,75, £225.75 ,,Assembled,DFF0132SDID,£245.60,2 Years Warranty
FREEZE0002,Kitchen,,,,,,,Kitchen Appliances,Freezer Table Top,Igenix,,51,44,49,,Metal,White,Counter top Freezer,A+ energy rating | 4* Freezer rating | Reversible door | Wire shelf | Mechanical temperature control | Energy consumption 153kWh/year | Noise level 41db | Total net capacity 34 litre | ,ig3751_A,,,Stock,Pik-a-Pak,Essential, £69.50 ,75, £121.63 ,,Assembled,FREEZE0002,£128.32,2 Years Warranty
WASHIN0004,Kitchen,,,,,,,Kitchen Appliances,Washing Machine 9KG,Hisense,,85,59.5,59.5,,Metal,White,Washing Machine 9kg,9KG | 1200rpm Spin speed | 15 Wash programs | Energy rating A++ |,WFNA90121,,,Stock,Hisense,Essential, £155.00 ,75, £271.25 ,,Assembled,DFF0128SDID,£203.75,2 Years Warranty
COTTTT0001,Nursery,Bedroom,,,,,,Nursery Furniture,Cot,Unbranded,125,88,65,,,Wood,Natural Pine or White,Natural Pine Wooden Cot,Wooden Cot in natural pine | Two position adjustable base | Teething rail | Colour will be natural pine or white | Conforms to BS:EN716 2008 and BS7177:2008+A1:2011 | Low hazard category,Ivy cot,,,Special,Poppy's Playground,Essential, £40.00 ,75, £70.00 ,10-15 days,Flat Pack,DFF0058SDID,£40.60,1 Year Warranty
COTMAT0003,Nursery,Bedroom,,,,,,Nursery Furniture,Cot Mattress,Unbranded,120,10,60,,,Hypoallergenic Foam,White,Cot Mattress,"Cot mattress 4"" high density hypo allergenic foam | Safety mattress, with machine washable mesh cover | Complies to BS1877-10:2011+A1:2012 and BS7177:2008+A1:2011 | Low hazard fire category",Alan,,,Special,Poppy's Playground,Essential, £11.00 ,75, £19.25 ,10-15 days,Assembled,DFF0037SDID,£15.40,1 Year Warranty
COTTTT0002,Nursery,Bedroom,,,,,,Nursery Furniture,Travel Cot,Unbranded,,78,104,74,,Steel/Mesh,Black/Grey,Travel Cot,Travel Cot | Steel frame with mesh panels | Suitable from birth | Foldable panels | Separate padded breathable mattress | Wipe clean | Carry Bag included | Conforms to BS:EN 716 2008+A1:2013 and BS7177:2008+A1:2011 | Low fire hazard category,Alan,,,Special,Kiddicare/online,Essential, £24.99 ,75, £43.73 ,10-15 days,Assembled,DFF0054SDID,£32.70,1 Year Warranty
BEDBAS0010,Bedroom,,,,,,,Bedroom Furniture,Bed Base Pineking Double,Pineking Ortho,190,23,135,,,Wood/Fabric,Cream,Pine King Standard Orthopaedic Bed Base - Double,Bed base to pair with our PineKing Orthopedic Mattress | Comfort fabric covering polyester/polypropylene mix | Softwood frame construction from sustainable sources |Black castors for ease of movement | The King base splits for ease of delivery and installation and is joined in situ with linking bars | The PineKing Orthopedic is for domestic use and conforms to BS7177 low hazard safety regulations | Made in the UK,requested,,,Special,Highgrove,Essential, £70.00 ,75, £122.50 ,6-10 days,Assembled,BEDBAS0016,£115.49,1 Year Warranty
FREEZE0001,Kitchen,,,,,,,Kitchen Appliances,Under Counter Freezer,Igenix,,86,49,51,,Metal,White,Under Counter Freezer,A+ Energy rating | 4 Star freezer rating | 3 Freezer draws | Reversible door | Adjustable thermostat | Adjustable feet | Freezer gross capacity 88 litres | Freezer net capacity 80 litres | Energy consumption 167KWH/year | CFC/HFC free | Noise level 39db |,IG350F,,,Stock,Pik-a-Pak,Essential, £82.00 ,75, £143.50 ,,Assembled,DFF0099SDID,£108.00,2 Years Warranty
